original_title,title_two,title_three,title_four,streaming
#realityhigh,realityhigh,#,#,['netflix']
#FriendButMarried 2,temantapimenikah 2,#,#,['netflix']
#Alive,vivo,#,#,['netflix']
'83,83,#,#,['netflix']
Disenchantment,des encanto,des encanto,Disenchantment,['netflix']
The Princess Switch: Switched Again,re cambio de princesa,re cambio de princesa,Intercambio de Princesas 2,['netflix']
"...Watch Out, We're Mad",altrimenti ci arrabbiamo,altrimenti ci arrabbiamo,Juntos son dinamita,['netflix']
10 Days of a Good Man,iyi adamin 10 gunu,iyi adamin 10 gunu,10 días de un buen hombre,['netflix']
10 Days of a Bad Man,10 days of a bad man,10 days of a bad man,10 Días de un mal hombre,['netflix']
10 Minutes Gone,10 minutos menos,10 minutos menos,10 Minutos Para Morir,['netflix']
100 días con la Tata,100 dias con la tata,100 dias con la tata,100 días con la Tata,['netflix']
100 Humans: Life's Questions. Answered.,100 humans lifes questions answered,100 humans lifes questions answered,100 humanos,['netflix']
100 Meters,100 metros,100 metros,100 Meters,['netflix']
11M: Terror in Madrid,11m terror in madrid,11m terror in madrid,11M: Terror en Madrid,['netflix']
November 13: Attack on Paris,13 de noviembre atentados en paris,13 de noviembre atentados en paris,13 de Noviembre: Terror en París,['netflix']
13 Hours: The Secret Soldiers of Benghazi,13 horas los soldados secretos de bengasi,13 horas los soldados secretos de bengasi,13 Horas: Los soldados secretos de Bengasi,['netflix']
13 Commandments,13 mandamientos,13 mandamientos,13 Commandments,['netflix']
137 Shots,137 shots,137 shots,137 Disparos,['netflix']
13: The Musical,13 the musical,13 the musical,13: El musical,['netflix']
18 Presents,18 presents,18 presents,18 regalos,['netflix']
Chile '76,1976,1976,Chile '76,['netflix']
1994,1994,1994,1994: El Asesinato de Colosio,['netflix']
2 Fast 2 Furious,2 fast 2 furious a todo gas 2,2 fast 2 furious a todo gas 2,"Más rápido, más furioso",['netflix']
200 Meters,200 mtr,200 mtr,A 200 metros,['netflix']
21,21 blackjack,21 blackjack,21 Blackjack,['netflix']
211,211,211,El gran asalto,['netflix']
22 July,22 de julio,22 de julio,22 de Julio,['netflix']
28 Days,28 dias,28 dias,28 Días,['netflix']
28 Days Haunted,28 days haunted,28 days haunted,28 días paranormales,['netflix']
3 Idiots,3 idiotas,3 idiotas,3 Idiots,['netflix']
Hei$t: The Great Robbery of Brazil's Central Bank,3 tonelada atraco al banco central de brasil,3 tonelada atraco al banco central de brasil,3 tonelada$: Asalto al Banco Central de Brasil,['netflix']
30 Days of Night,30 dias de oscuridad,30 dias de oscuridad,Treinta días de noche,['netflix']
30 Minutes or Less,30 minutos o menos,30 minutos o menos,30 Minutos o Menos,['netflix']
365 Days,365 dni,365 dni,365 días,['netflix']
The Next 365 Days,the next 365 days,the next 365 days,365 días más,['netflix']
365 Days: This Day,365 days this day,365 days this day,365 días: Aquel Día,['netflix']
37 Seconds,37 seconds,37 seconds,37 Segundos,['netflix']
4L,4 latas,4 latas,4L,['netflix']
Four to Dinner,four to dinner,four to dinner,4 mitades,['netflix']
42 Days of Darkness,42 dias en la oscuridad,42 dias en la oscuridad,42 Days of Darkness,['netflix']
44 Cats,44 gatti,44 gatti,44 gatos,['netflix']
45 RPM,45 revoluciones,45 revoluciones,45 RPM,['netflix']
Vanished 46,46 yok olan,46 yok olan,Vanished 46,['netflix']
4th Republic,4th republic,4th republic,4ª República,['netflix']
Nora's Will,5 dias sin nora,5 dias sin nora,5 días sin Nora,['netflix']
50M2,50m2,50m2,50 m²,['netflix']
6 Days,6 dias,6 dias,6 días,['netflix']
6 Underground,6 en la sombra,6 en la sombra,Escuadrón 6,['netflix']
6 Balloons,6 globos,6 globos,6 Globos,['netflix']
Sixty Minutes,60 minutos sixty minutes,60 minutos sixty minutes,60 minutos,['netflix']
7 Years,7 anos,7 anos,7 Years,['netflix']
7 Days Out,7 days out,7 days out,7 días antes,['netflix']
7 Women and a Murder,7 donne e un mistero,7 donne e un mistero,7 mujeres y un misterio,['netflix']
7 Prisoners,7 prisioneiros,7 prisioneiros,7 Prisioneros,['netflix']
7Seeds,7 seeds,7 seeds,7Seeds,['netflix']
72 Dangerous Animals: Asia,72 animales peligrosos asia,72 animales peligrosos asia,72 animales peligrosos: Asia,['netflix']
72 Dangerous Animals: Latin America,72 animales peligrosos america latina,72 animales peligrosos america latina,72 animales peligrosos: América Latina,['netflix']
8 Mile,8 millas,8 millas,8 Mile: Calle de ilusiones,['netflix']
800 Meters,800 metros,800 metros,800 Meters,['netflix']
90 Minutes in Heaven,90 minutos en el cielo,90 minutos en el cielo,90 minutos en el cielo,['netflix']
99 Songs,99 songs,99 songs,99 Canciones,['netflix']
1000 Miles from Christmas,a mil kilometros de la navidad,a mil kilometros de la navidad,1000 Miles from Christmas,['netflix']
A Chinese Odyssey Part One: Pandora's Box,a chinese odyssey part one pandoras box,a chinese odyssey part one pandoras box,Una odisea china 1: La caja de Pandora,['netflix']
Bird Box,a ciegas,a ciegas,Bird Box: A Ciegas,['netflix']
Outside the Wire,a descubierto,a descubierto,Zona de riesgo,['netflix']
The Mess You Leave Behind,el desorden que dejas,el desorden que dejas,The Mess You Leave Behind,['netflix']
Six Feet Under,a dos metros bajo tierra,a dos metros bajo tierra,six feet under fan,['netflix']
Dig Deeper: The Disappearance of Birgit Meier,dig deeper the disappearance of birgit meier,dig deeper the disappearance of birgit meier,A Fondo: La desaparición de Birgit Meier,['netflix']
The Girl Who Sees Smells,a girl who sees smells,a girl who sees smells,The Girl Who Sees Smells,['netflix']
Coin Heist,a golpe de monedas,a golpe de monedas,A Golpe de Monedas,['netflix']
A House of Blocks,zhi ju chang ji mu zhi jia,zhi ju chang ji mu zhi jia,A House of Blocks,['netflix']
The Uncanny Counter,gyeongiroun somun,gyeongiroun somun,A la caza de espíritus malignos,['netflix']
The Hunt for Veerappan,the hunt for veerappan,the hunt for veerappan,A la caza de Veerappan,['netflix']
Catching Killers,catching killers,catching killers,Cazar Asesinos,['netflix']
Knock Down the House,a la conquista del congreso,a la conquista del congreso,A la conquista del congreso,['netflix']
Weathering,a la intemperie,a la intemperie,A la intemperie,['netflix']
A la mala,a la mala,a la mala,A La Mala,['netflix']
Death to 2020,a la mierda el 2020,a la mierda el 2020,Muerte al 2020,['netflix']
Death to 2021,death to 2021,death to 2021,Death to 2021,['netflix']
F*ck Love Too,f ck love too 2022,f ck love too 2022,A la mierda el amor... otra vez,['netflix']
A Land Imagined,huan tu,huan tu,Una tierra imaginada,['netflix']
Don't F**k with Cats: Hunting an Internet Killer,a los gatos ni tocarlos un asesino en internet,a los gatos ni tocarlos un asesino en internet,No te metas con los gatos: Un asesino en internet,['netflix']
A Love So Beautiful,a love so beautiful un amor tan hermoso,a love so beautiful un amor tan hermoso,Un amor tan hermoso,['netflix']
Tall Girl 2,tall girl 2,tall girl 2,A mi altura 2,['netflix']
Till Death,a muerte,a muerte,A Muerte,['netflix']
Despite Everything,a pesar de todo,a pesar de todo,Despite Everything,['netflix']
Get Gotti,get gotti,get gotti,Atrapen A Gotti,['netflix']
Free Rein,a rienda suelta,a rienda suelta,Free Rein,['netflix']
Free Rein: The Twelve Neighs of Christmas,a rienda suelta doce relinchos de navidad,a rienda suelta doce relinchos de navidad,A rienda suelta: Doce relinchos de Navidad,['netflix']
Free Rein: Valentine's Day,free rein valentines day,free rein valentines day,A rienda suelta: Feliz San Valentín,['netflix']
A Sun,a sun,a sun,A Sun,['netflix']
A Thousand Goodnights,qian ge wan an,qian ge wan an,A Thousand Goodnights,['netflix']
All the Places,a todas partes,a todas partes,A Todas Partes,['netflix']
The Fast and the Furious,a todo gas,a todo gas,Rápido y furioso,['netflix']
The Fast and the Furious: Tokyo Drift,a todo gas tokyo race,a todo gas tokyo race,Rápido y furioso: Reto Tokio,['netflix']
To All the Boys I've Loved Before,a todos los chicos de los que me enamore,a todos los chicos de los que me enamore,A todos los chicos de los que me enamoré,['netflix']
To All the Boys: P.S. I Still Love You,a todos los chicos p d todavia te quiero,a todos los chicos p d todavia te quiero,A todos los chicos: P. D. Todavía te quiero,['netflix']
To All the Boys: Always and Forever,to all the boys always and forever,to all the boys always and forever,A Todos Los Chicos Para Siempre,['netflix']
A Fall from Grace,a traicion,a traicion,A Traición,['netflix']
Through My Window,a traves de mi ventana,#,#,['netflix']
